"","V1","V2","V3","V4","V5","V6","V7","V8","V9"
"21",-1.9438828357257,2.16658255644153,-0.586902311739561,-0.579793932848292,4.43108315893934,0.799541009102344,2.16144439505601,-1.8757331422085,1002.820852855
"62",-1.9438828357257,2.16658255644153,-0.586902311739561,-0.579793932848292,4.43108315893934,0.799541009102344,2.16144439505601,-1.8757331422085,1002.820852855
"198",-2.42194729390746,1.26640309343758,-0.586902311739561,-0.301981361853589,4.43108315893934,0.799541009102344,2.16144439505601,-1.8757331422085,1004.76363722318
"141",-2.42194729390746,1.26640309343758,-0.586902311739561,-0.301981361853589,4.43108315893934,0.799541009102344,2.16144439505601,-1.8757331422085,1004.76363722318
"24",-2.42194729390746,1.26640309343758,-0.586902311739561,-0.301981361853589,4.43108315893934,0.799541009102344,2.16144439505601,-1.8757331422085,1004.76363722318
"51",-1.9438828357257,1.26640309343758,-0.586902311739561,-0.579793932848292,4.43108315893934,0.130569462753872,2.16144439505601,-1.8757331422085,Inf
"177",-2.42194729390746,1.26640309343758,-0.586902311739561,-0.579793932848292,6.55352428739932,-2.1012879980139,1.70099502301665,-1.8757331422085,Inf
"102",-2.42194729390746,1.26640309343758,-0.586902311739561,-0.301981361853589,4.43108315893934,-2.30897784395892,1.70099502301665,-1.20834402150865,Inf
"156",-2.42194729390746,1.51932521730304,-0.586902311739561,-1.84470738728054,4.43108315893934,0.130569462753872,2.16144439505601,-1.8757331422085,Inf
"119",-2.42194729390746,1.26640309343758,-0.586902311739561,-0.579793932848292,6.55352428739932,-2.1012879980139,1.70099502301665,-1.20834402150865,Inf
"138",-2.42194729390746,1.26640309343758,-0.586902311739561,-0.579793932848292,6.55352428739932,-2.1012879980139,1.70099502301665,-1.20834402150865,Inf
"114",-2.42194729390746,1.26640309343758,-0.586902311739561,-0.579793932848292,6.55352428739932,0.115339331328023,2.16144439505601,-1.8757331422085,Inf
"67",-1.9438828357257,1.26640309343758,-0.586902311739561,-0.579793932848292,4.43108315893934,-2.1012879980139,2.97992536207279,-1.20834402150865,Inf
"167",-1.9438828357257,1.26640309343758,-0.586902311739561,-0.301981361853589,4.43108315893934,0.799541009102344,2.16144439505601,-1.8757331422085,Inf
"57",-1.9438828357257,1.26640309343758,-0.586902311739561,-0.579793932848292,4.43108315893934,0.130569462753872,1.70099502301665,-1.20834402150865,Inf
"70",-2.42194729390746,1.26640309343758,-0.586902311739561,-0.579793932848292,6.55352428739932,-2.1012879980139,1.70099502301665,-1.20834402150865,Inf
"23",-1.9438828357257,1.26640309343758,-0.586902311739561,-0.301981361853589,4.43108315893934,0.799541009102344,2.16144439505601,-1.8757331422085,Inf
"103",-2.42194729390746,1.26640309343758,-0.586902311739561,-0.579793932848292,6.55352428739932,-2.1012879980139,1.70099502301665,-1.20834402150865,Inf
"148",-2.42194729390746,1.33019093881954,-0.586902311739561,-0.579793932848292,6.55352428739932,-2.1012879980139,1.70099502301665,-1.20834402150865,Inf
"143",-1.9438828357257,1.26640309343758,-0.586902311739561,-0.579793932848292,4.43108315893934,0.130569462753872,2.16144439505601,-1.8757331422085,Inf
"7",-2.42194729390746,1.26640309343758,-0.586902311739561,-0.579793932848292,6.55352428739932,-2.1012879980139,1.80127182504406,-1.20834402150865,Inf
"90",-2.42194729390746,1.26640309343758,-0.586902311739561,-0.579793932848292,6.55352428739932,-2.43223678032533,1.70099502301665,-1.20834402150865,Inf
"104",-1.9438828357257,1.26640309343758,-0.586902311739561,-0.579793932848292,4.43108315893934,0.130569462753872,1.70099502301665,-1.20834402150865,Inf
"19",-2.42194729390746,1.26640309343758,-0.586902311739561,-0.579793932848292,6.55352428739932,-2.1012879980139,1.70099502301665,-1.20834402150865,Inf
"76",-1.9438828357257,1.26640309343758,-0.586902311739561,-0.579793932848292,4.43108315893934,-2.1012879980139,1.70099502301665,-1.20834402150865,Inf
"79",-2.42194729390746,1.26640309343758,-0.586902311739561,-0.301981361853589,4.43108315893934,0.130569462753872,2.16144439505601,-1.8757331422085,Inf
"91",-2.42194729390746,1.26640309343758,-0.586902311739561,-0.579793932848292,4.43108315893934,0.799541009102344,2.16144439505601,-1.8757331422085,Inf
"61",-2.42194729390746,1.26640309343758,-0.586902311739561,-0.579793932848292,6.55352428739932,-2.1012879980139,3.82589276366253,-1.8757331422085,Inf
"58",-1.9438828357257,1.26640309343758,-0.586902311739561,-0.579793932848292,4.43108315893934,0.130569462753872,3.37706283317318,-1.8757331422085,Inf
"29",-2.42194729390746,1.26640309343758,-0.586902311739561,-0.579793932848292,6.55352428739932,-2.1012879980139,1.70099502301665,-1.20834402150865,Inf
"166",-1.9438828357257,1.26640309343758,-0.586902311739561,-0.579793932848292,4.43108315893934,0.130569462753872,2.16144439505601,-1.8757331422085,Inf
"9",-2.42194729390746,0.468376171843239,-0.586902311739561,-0.579793932848292,4.43108315893934,0.799541009102344,2.16144439505601,-1.8757331422085,Inf
"147",-2.42194729390746,1.26640309343758,-0.586902311739561,-0.579793932848292,6.55352428739932,-2.1012879980139,1.70099502301665,-1.20834402150865,Inf
"59",-2.42194729390746,1.26640309343758,-0.586902311739561,-0.579793932848292,4.43108315893934,0.173992134850825,2.16144439505601,-1.8757331422085,Inf
"130",-2.42194729390746,1.26640309343758,0.935118279374088,-0.579793932848292,6.55352428739932,-2.1012879980139,1.70099502301665,-1.20834402150865,Inf
"36",-2.42194729390746,1.26640309343758,-0.586902311739561,-0.579793932848292,6.55352428739932,-2.1012879980139,1.70099502301665,-1.20834402150865,Inf
"182",-2.42194729390746,1.26640309343758,-0.586902311739561,-0.579793932848292,6.55352428739932,-2.1012879980139,2.16144439505601,-1.8757331422085,Inf
"69",-1.9438828357257,1.26640309343758,-0.586902311739561,-0.579793932848292,4.43108315893934,-2.1012879980139,1.70099502301665,-1.20834402150865,Inf
"144",-1.9438828357257,1.26640309343758,-0.586902311739561,-0.301981361853589,4.43108315893934,0.799541009102344,2.16144439505601,-1.8757331422085,Inf
"41",-1.9438828357257,1.26640309343758,-0.586902311739561,-0.579793932848292,4.43108315893934,-2.1012879980139,1.70099502301665,-1.20834402150865,Inf
"4",-2.42194729390746,1.26640309343758,-0.586902311739561,-0.579793932848292,6.55352428739932,-3.60836808625562,1.70099502301665,-1.20834402150865,Inf
"122",-1.9438828357257,1.26640309343758,-0.586902311739561,-0.301981361853589,4.43108315893934,0.799541009102344,2.16144439505601,-1.8757331422085,Inf
"86",-2.42194729390746,1.26640309343758,-0.586902311739561,-0.579793932848292,6.55352428739932,-2.1012879980139,1.70099502301665,-1.60006339583124,Inf
"165",-2.42194729390746,1.33019093881954,-0.586902311739561,-0.579793932848292,4.43108315893934,-2.1012879980139,1.70099502301665,-1.20834402150865,Inf
"110",-1.9438828357257,1.26640309343758,-0.586902311739561,-0.579793932848292,4.43108315893934,0.130569462753872,2.16144439505601,-1.8757331422085,Inf
"26",-2.42194729390746,1.26640309343758,-0.586902311739561,-0.579793932848292,6.55352428739932,-2.1012879980139,1.80127182504406,-1.20834402150865,Inf
"132",-2.42194729390746,1.26640309343758,-0.586902311739561,-0.579793932848292,6.55352428739932,-2.1012879980139,1.70099502301665,-1.20834402150865,Inf
"87",-1.9438828357257,1.26640309343758,-0.586902311739561,-0.579793932848292,6.55352428739932,-2.1012879980139,1.70099502301665,-1.20834402150865,Inf
"77",-2.42194729390746,1.26640309343758,-0.586902311739561,-0.579793932848292,6.55352428739932,-2.1012879980139,1.70099502301665,-1.20834402150865,Inf
"54",-1.9438828357257,1.26640309343758,-0.586902311739561,-0.579793932848292,6.55352428739932,-2.1012879980139,1.70099502301665,-1.20834402150865,Inf
"196",-2.42194729390746,1.26640309343758,-0.586902311739561,-0.301981361853589,4.43108315893934,0.799541009102344,2.16144439505601,-1.8757331422085,Inf
"169",-2.42194729390746,1.26640309343758,-0.586902311739561,-0.579793932848292,6.55352428739932,-2.1012879980139,1.70099502301665,-1.8757331422085,Inf
"135",-2.42194729390746,2.16658255644153,-0.586902311739561,-0.579793932848292,4.43108315893934,0.799541009102344,2.16144439505601,-1.8757331422085,Inf
"49",-1.9438828357257,1.26640309343758,-0.586902311739561,-0.579793932848292,4.43108315893934,0.130569462753872,2.16144439505601,-1.8757331422085,Inf
"112",-2.42194729390746,1.26640309343758,-0.586902311739561,-0.579793932848292,6.55352428739932,-2.1012879980139,1.70099502301665,-1.20834402150865,Inf
"191",-1.9438828357257,1.26640309343758,-0.586902311739561,-0.579793932848292,4.43108315893934,0.130569462753872,2.16144439505601,-1.8757331422085,Inf
"81",-2.42194729390746,1.26640309343758,-0.586902311739561,-0.301981361853589,4.43108315893934,0.799541009102344,2.16144439505601,-1.8757331422085,Inf
"175",-2.42194729390746,1.26640309343758,-0.586902311739561,-0.579793932848292,6.55352428739932,-2.1012879980139,1.70099502301665,-1.20834402150865,Inf
"16",-2.42194729390746,1.26640309343758,-0.586902311739561,-0.579793932848292,6.55352428739932,0.130569462753872,2.16144439505601,-1.8757331422085,Inf
"1",-2.42194729390746,1.26640309343758,-0.586902311739561,-0.579793932848292,6.55352428739932,-2.1012879980139,1.70099502301665,-1.20834402150865,Inf
"44",-2.42194729390746,1.26640309343758,-0.586902311739561,-0.579793932848292,6.55352428739932,-2.1012879980139,1.70099502301665,-1.20834402150865,Inf
"164",-2.42194729390746,1.26640309343758,-0.586902311739561,-0.579793932848292,4.43108315893934,0.115339331328023,2.16144439505601,-1.8757331422085,Inf
"131",-1.9438828357257,1.26640309343758,-0.586902311739561,-0.579793932848292,6.55352428739932,-2.1012879980139,1.70099502301665,-1.20834402150865,Inf
"31",-1.9438828357257,1.26640309343758,-0.586902311739561,-0.579793932848292,4.43108315893934,0.799541009102344,2.16144439505601,-2.35894158180514,Inf
"158",-1.9438828357257,1.26640309343758,-0.586902311739561,-0.579793932848292,4.43108315893934,0.130569462753872,2.16144439505601,-1.20834402150865,Inf
"195",-2.42194729390746,1.26640309343758,-0.586902311739561,-0.579793932848292,6.55352428739932,-2.1012879980139,1.53592568753247,-1.20834402150865,Inf
"45",-1.9438828357257,1.26640309343758,-0.586902311739561,-0.301981361853589,4.43108315893934,0.799541009102344,2.16144439505601,-1.8757331422085,Inf
"75",-2.9632132172333,1.26640309343758,-0.586902311739561,-0.579793932848292,6.55352428739932,-2.1012879980139,1.70099502301665,-1.20834402150865,Inf
"162",-2.42194729390746,1.26640309343758,-0.586902311739561,-0.579793932848292,6.55352428739932,-2.1012879980139,1.70099502301665,-1.20834402150865,Inf
"94",-1.9438828357257,1.26640309343758,-0.586902311739561,-0.579793932848292,4.43108315893934,0.130569462753872,2.16144439505601,-1.8757331422085,Inf
"65",-2.42194729390746,1.26640309343758,-0.586902311739561,-0.579793932848292,6.55352428739932,-2.1012879980139,1.80127182504406,-1.20834402150865,Inf
"137",-2.42194729390746,1.26640309343758,-0.586902311739561,-0.579793932848292,6.55352428739932,-2.1012879980139,1.70099502301665,-1.20834402150865,Inf
"115",-1.9438828357257,1.26640309343758,-0.586902311739561,-0.579793932848292,6.55352428739932,-2.1012879980139,1.70099502301665,-1.20834402150865,Inf
"154",-2.42194729390746,1.26640309343758,-0.586902311739561,-0.579793932848292,6.55352428739932,-2.1012879980139,1.70099502301665,-1.20834402150865,Inf
"142",-1.9438828357257,1.26640309343758,-0.586902311739561,-0.579793932848292,6.55352428739932,-2.1012879980139,1.70099502301665,-1.20834402150865,Inf
"181",-2.42194729390746,1.26640309343758,-0.586902311739561,-0.579793932848292,4.43108315893934,0.130569462753872,2.16144439505601,-1.8757331422085,Inf
"117",-2.42194729390746,1.26640309343758,-0.586902311739561,-0.579793932848292,4.43108315893934,0.799541009102344,2.16144439505601,-1.8757331422085,Inf
"6",-2.42194729390746,1.26640309343758,-0.586902311739561,-0.579793932848292,6.55352428739932,-2.1012879980139,1.70099502301665,-1.8757331422085,Inf
"13",-1.9438828357257,1.26640309343758,-0.586902311739561,-0.579793932848292,4.43108315893934,0.130569462753872,2.16144439505601,-1.8757331422085,Inf
"153",-2.42194729390746,1.26640309343758,-0.586902311739561,-0.579793932848292,6.55352428739932,-2.1012879980139,1.70099502301665,-1.20834402150865,Inf
"183",-1.9438828357257,1.26640309343758,-0.586902311739561,-0.579793932848292,4.43108315893934,0.130569462753872,2.16144439505601,-1.8757331422085,Inf
"85",-2.42194729390746,1.26640309343758,-0.586902311739561,-0.579793932848292,7.56804427041389,-2.1012879980139,2.16144439505601,-1.8757331422085,Inf
"98",-2.42194729390746,1.26640309343758,-0.586902311739561,-0.579793932848292,6.55352428739932,-2.1012879980139,2.73390667715444,-1.20834402150865,Inf
"25",-2.42194729390746,1.51932521730304,-0.586902311739561,-0.579793932848292,4.43108315893934,0.130569462753872,2.16144439505601,-1.8757331422085,Inf
"159",-2.42194729390746,1.26640309343758,-0.586902311739561,-0.579793932848292,6.57135884381687,-2.1012879980139,1.70099502301665,-1.20834402150865,Inf
"160",-2.42194729390746,1.26640309343758,-0.586902311739561,-0.579793932848292,6.55352428739932,-2.1012879980139,1.70099502301665,-1.20834402150865,Inf
"5",-2.42194729390746,1.26640309343758,-0.586902311739561,-0.579793932848292,6.55352428739932,0.115339331328023,2.16144439505601,-1.8757331422085,Inf
"128",-1.9438828357257,1.26640309343758,-0.586902311739561,-0.80296552523727,4.43108315893934,0.130569462753872,2.16144439505601,-1.20834402150865,Inf
"20",-1.9438828357257,1.26640309343758,-0.586902311739561,-0.579793932848292,4.43108315893934,0.130569462753872,2.16144439505601,-1.8757331422085,Inf
"37",-1.9438828357257,1.26640309343758,-0.586902311739561,-0.579793932848292,4.43108315893934,0.130569462753872,1.70099502301665,-1.20834402150865,Inf
"53",-2.42194729390746,1.26640309343758,-0.586902311739561,-0.579793932848292,6.55352428739932,-2.1012879980139,1.70099502301665,-1.20834402150865,Inf
"33",-1.9438828357257,1.26640309343758,-0.586902311739561,0.627038829775596,4.43108315893934,0.799541009102344,2.16144439505601,-1.8757331422085,Inf
"125",-2.42194729390746,1.26640309343758,-0.586902311739561,-0.579793932848292,6.04779764353005,-2.1012879980139,1.70099502301665,-1.20834402150865,Inf
"151",-2.42194729390746,1.33019093881954,-0.586902311739561,-0.579793932848292,6.55352428739932,-2.1012879980139,1.70099502301665,-1.20834402150865,Inf
"27",-1.9438828357257,1.26640309343758,-0.586902311739561,-0.579793932848292,4.43108315893934,0.130569462753872,2.16144439505601,-1.8757331422085,Inf
"101",-2.42194729390746,1.26640309343758,-0.586902311739561,-0.579793932848292,6.55352428739932,-2.1012879980139,1.80127182504406,-1.20834402150865,Inf
"171",-2.42194729390746,1.26640309343758,-0.586902311739561,-0.579793932848292,6.55352428739932,-2.1012879980139,1.70099502301665,-1.20834402150865,Inf
"55",-1.9438828357257,1.26640309343758,-0.586902311739561,-0.579793932848292,4.43108315893934,-2.1012879980139,1.70099502301665,-1.20834402150865,Inf
"168",-2.42194729390746,1.26640309343758,-0.586902311739561,-0.579793932848292,6.55352428739932,-2.1012879980139,1.70099502301665,-1.20834402150865,Inf
"39",-1.9438828357257,1.26640309343758,-0.586902311739561,-0.579793932848292,4.43108315893934,0.130569462753872,1.70099502301665,-1.20834402150865,Inf
"120",-2.42194729390746,1.26640309343758,-0.586902311739561,-0.301981361853589,4.43108315893934,0.799541009102344,2.16144439505601,-1.8757331422085,Inf
"38",-2.42194729390746,1.26640309343758,-0.586902311739561,-0.579793932848292,4.43108315893934,0.799541009102344,2.16144439505601,-1.8757331422085,Inf
"129",-2.42194729390746,2.16658255644153,-0.586902311739561,-0.579793932848292,4.43108315893934,0.799541009102344,2.16144439505601,-1.8757331422085,Inf
"134",-1.9438828357257,1.26640309343758,-0.586902311739561,-0.579793932848292,4.43108315893934,0.130569462753872,2.16144439505601,-1.8757331422085,Inf
"139",-2.42194729390746,0.656778252349714,-0.586902311739561,-0.579793932848292,6.55352428739932,-2.1012879980139,1.70099502301665,-1.20834402150865,Inf
"188",-1.9438828357257,1.26640309343758,-0.586902311739561,-0.579793932848292,4.43108315893934,0.130569462753872,2.16144439505601,-1.8757331422085,Inf
"106",-2.42194729390746,1.26640309343758,-0.586902311739561,-0.301981361853589,4.43108315893934,0.799541009102344,2.16144439505601,-1.8757331422085,Inf
"22",-2.42194729390746,1.26640309343758,-0.586902311739561,-0.301981361853589,6.55352428739932,-2.1012879980139,1.70099502301665,-1.20834402150865,Inf
"194",-2.42194729390746,1.26640309343758,-0.586902311739561,-0.579793932848292,4.43108315893934,0.130569462753872,2.16144439505601,-1.8757331422085,Inf
"157",-2.42194729390746,1.26640309343758,-0.586902311739561,-0.579793932848292,6.55352428739932,-2.1012879980139,1.70099502301665,-1.20834402150865,Inf
"116",-2.42194729390746,1.26640309343758,-0.586902311739561,-0.579793932848292,6.55352428739932,-2.1012879980139,1.70099502301665,-1.20834402150865,Inf
"43",-2.42194729390746,1.26640309343758,-0.586902311739561,-0.579793932848292,4.43108315893934,0.115339331328023,2.16144439505601,-1.8757331422085,Inf
"34",-1.9438828357257,1.26640309343758,-0.586902311739561,-0.579793932848292,4.43108315893934,0.130569462753872,1.70099502301665,-1.20834402150865,Inf
"10",-1.9438828357257,1.26640309343758,-0.586902311739561,-0.579793932848292,4.43108315893934,0.130569462753872,2.16144439505601,-1.8757331422085,Inf
"189",-1.9438828357257,1.26640309343758,-0.586902311739561,-0.579793932848292,6.55352428739932,-2.1012879980139,1.70099502301665,-1.20834402150865,Inf
"187",-2.42194729390746,1.26640309343758,-0.586902311739561,-0.579793932848292,6.55352428739932,-2.1012879980139,1.70099502301665,-1.20834402150865,Inf
"50",-1.9438828357257,1.26640309343758,-0.586902311739561,-0.579793932848292,4.43108315893934,0.799541009102344,2.16144439505601,-1.8757331422085,Inf
"127",-2.42194729390746,1.26640309343758,-0.586902311739561,-0.579793932848292,6.55352428739932,-2.1012879980139,1.70099502301665,-1.20834402150865,Inf
"72",-2.42194729390746,1.33019093881954,-0.586902311739561,-0.579793932848292,6.55352428739932,-2.1012879980139,1.70099502301665,-1.20834402150865,Inf
"78",-1.9438828357257,1.26640309343758,-0.586902311739561,-0.579793932848292,4.43108315893934,0.130569462753872,2.16144439505601,-1.8757331422085,Inf
"184",-2.42194729390746,1.93871164836978,-0.586902311739561,-0.579793932848292,6.55352428739932,-2.1012879980139,1.80127182504406,-1.20834402150865,Inf
"82",-2.42194729390746,1.26640309343758,-0.586902311739561,-0.579793932848292,6.55352428739932,-2.1012879980139,1.70099502301665,-1.20834402150865,Inf
"56",-1.9438828357257,1.26640309343758,-0.586902311739561,-0.579793932848292,4.43108315893934,0.130569462753872,2.16144439505601,-1.20834402150865,Inf
"14",-2.42194729390746,1.26640309343758,-0.586902311739561,-0.579793932848292,6.55352428739932,-2.1012879980139,1.70099502301665,-0.987869203319954,Inf
"113",-1.9438828357257,1.26640309343758,-0.586902311739561,-0.579793932848292,3.81857492146767,0.130569462753872,1.70099502301665,-1.20834402150865,Inf
"12",-2.42194729390746,1.26640309343758,-0.586902311739561,-0.301981361853589,4.43108315893934,0.130569462753872,2.16144439505601,-1.8757331422085,Inf
"126",-2.42194729390746,2.16658255644153,-0.586902311739561,-0.579793932848292,4.43108315893934,0.799541009102344,2.16144439505601,-1.8757331422085,Inf
"60",-2.42194729390746,1.26640309343758,-0.0096511433961689,-0.579793932848292,4.43108315893934,0.799541009102344,2.16144439505601,-1.8757331422085,Inf
"145",-1.9438828357257,1.26640309343758,-0.586902311739561,-0.579793932848292,4.43108315893934,0.130569462753872,2.16144439505601,-1.8757331422085,Inf
"199",-2.42194729390746,1.26640309343758,-0.586902311739561,-0.579793932848292,6.97992379614741,-2.1012879980139,1.70099502301665,-1.20834402150865,Inf
"73",-1.9438828357257,1.26640309343758,-0.586902311739561,-0.579793932848292,4.43108315893934,0.130569462753872,2.16144439505601,-1.8757331422085,Inf
"172",-2.42194729390746,1.26640309343758,-0.586902311739561,-0.301981361853589,4.43108315893934,0.799541009102344,2.16144439505601,-1.8757331422085,Inf
"11",-2.42194729390746,1.26640309343758,-0.586902311739561,-0.301981361853589,4.43108315893934,-2.1012879980139,1.70099502301665,-1.20834402150865,Inf
"150",-2.42194729390746,1.26640309343758,-0.586902311739561,-0.579793932848292,6.55352428739932,0.130569462753872,2.16144439505601,-1.8757331422085,Inf
"193",-2.002423114598,1.26640309343758,-0.586902311739561,-0.579793932848292,6.55352428739932,-2.1012879980139,1.70099502301665,-1.20834402150865,Inf
"83",-2.42194729390746,1.26640309343758,-0.586902311739561,-0.579793932848292,6.55352428739932,-2.1012879980139,1.70099502301665,-1.20834402150865,Inf
"74",-2.42194729390746,1.26640309343758,-0.586902311739561,-0.579793932848292,4.43108315893934,0.115339331328023,2.16144439505601,-1.8757331422085,Inf
"197",-1.9438828357257,1.26640309343758,-0.586902311739561,-0.579793932848292,6.55352428739932,-2.1012879980139,1.70099502301665,-1.20834402150865,Inf
"32",-1.9438828357257,1.26640309343758,-0.586902311739561,-0.579793932848292,4.43108315893934,0.130569462753872,2.16144439505601,-1.8757331422085,Inf
"71",-1.9438828357257,1.26640309343758,-0.586902311739561,-0.579793932848292,4.43108315893934,0.130569462753872,2.16144439505601,-1.20834402150865,Inf
"93",-2.42194729390746,0.560078655662804,-0.586902311739561,-0.579793932848292,6.55352428739932,-2.1012879980139,1.70099502301665,-1.20834402150865,Inf
"200",-1.9438828357257,1.26640309343758,-0.586902311739561,-0.301981361853589,4.43108315893934,0.799541009102344,2.16144439505601,-1.8757331422085,Inf
"105",-2.42194729390746,1.26640309343758,-0.586902311739561,-0.579793932848292,6.55352428739932,-2.1012879980139,1.70099502301665,-1.20834402150865,Inf
"136",-2.42194729390746,1.33019093881954,-0.586902311739561,-0.579793932848292,4.43108315893934,0.130569462753872,2.16144439505601,-1.20834402150865,Inf
"30",-1.9438828357257,1.26640309343758,-0.586902311739561,-0.579793932848292,4.43108315893934,0.130569462753872,2.16144439505601,-1.8757331422085,Inf
"95",-2.42194729390746,1.26640309343758,-0.586902311739561,-0.579793932848292,6.55352428739932,-2.1012879980139,1.70099502301665,-1.20834402150865,Inf
"179",-2.42194729390746,1.26640309343758,-0.586902311739561,-0.579793932848292,6.55352428739932,-2.1012879980139,1.70099502301665,-1.20834402150865,Inf
"28",-1.9438828357257,1.26640309343758,-0.586902311739561,-0.579793932848292,4.43108315893934,0.130569462753872,2.16144439505601,-1.20834402150865,Inf
"40",-2.42194729390746,1.26640309343758,-0.586902311739561,-0.579793932848292,6.55352428739932,-2.1012879980139,1.70099502301665,-1.20834402150865,Inf
"173",-1.9438828357257,1.26640309343758,-0.586902311739561,-0.579793932848292,6.55352428739932,-2.1012879980139,1.70099502301665,-1.20834402150865,Inf
"88",-2.42194729390746,1.26640309343758,-0.586902311739561,-0.301981361853589,3.2791003041369,0.130569462753872,2.16144439505601,-1.8757331422085,Inf
"186",-2.42194729390746,1.26640309343758,-0.586902311739561,-0.579793932848292,6.55352428739932,0.799541009102344,2.16144439505601,-1.8757331422085,Inf
"42",-2.42194729390746,2.16658255644153,-0.586902311739561,-0.579793932848292,4.43108315893934,0.799541009102344,2.16144439505601,-1.8757331422085,Inf
"99",-1.9438828357257,1.26640309343758,-0.586902311739561,-0.579793932848292,4.43108315893934,0.130569462753872,2.16144439505601,-1.8757331422085,Inf
"140",-2.42194729390746,1.26640309343758,-0.586902311739561,-0.579793932848292,6.55352428739932,-2.1012879980139,1.70099502301665,-1.20834402150865,Inf
"8",-1.9438828357257,1.26640309343758,-0.586902311739561,-0.579793932848292,4.43108315893934,0.130569462753872,2.16144439505601,-1.8757331422085,Inf
"35",-2.42194729390746,1.26640309343758,-0.586902311739561,-0.301981361853589,4.43108315893934,0.799541009102344,2.16144439505601,-1.8757331422085,Inf
"47",-2.42194729390746,1.26640309343758,-0.586902311739561,-0.301981361853589,6.55352428739932,-2.1012879980139,1.70099502301665,-1.20834402150865,Inf
"170",-2.42194729390746,1.26640309343758,-0.586902311739561,-0.579793932848292,4.43108315893934,0.130569462753872,2.16144439505601,-1.8757331422085,Inf
"146",-2.42194729390746,1.26640309343758,-0.586902311739561,-0.579793932848292,7.38997407906949,-2.1012879980139,1.70099502301665,-1.20834402150865,Inf
"80",-2.42194729390746,1.26640309343758,-0.586902311739561,-0.579793932848292,6.55352428739932,-2.1012879980139,1.70099502301665,-1.20834402150865,Inf
"66",-2.42194729390746,1.26640309343758,-0.586902311739561,-0.579793932848292,4.43108315893934,0.115339331328023,2.16144439505601,-1.8757331422085,Inf
"2",-1.9438828357257,1.26640309343758,-0.586902311739561,-0.579793932848292,6.55352428739932,-2.1012879980139,1.70099502301665,-1.20834402150865,Inf
"48",-1.9438828357257,1.26640309343758,-0.586902311739561,-0.579793932848292,4.43108315893934,0.130569462753872,2.16144439505601,-1.8757331422085,Inf
"178",-1.9438828357257,1.26640309343758,-0.586902311739561,-0.579793932848292,6.55352428739932,-2.1012879980139,1.70099502301665,-1.20834402150865,Inf
"68",-2.42194729390746,1.26640309343758,-0.586902311739561,-0.579793932848292,6.55352428739932,-2.1012879980139,1.70099502301665,-1.20834402150865,Inf
"152",-1.9438828357257,1.26640309343758,-0.586902311739561,-0.579793932848292,4.43108315893934,0.130569462753872,2.16144439505601,-1.8757331422085,Inf
"111",-2.42194729390746,1.26640309343758,-0.586902311739561,-0.579793932848292,6.55352428739932,-2.1012879980139,1.70099502301665,-1.20834402150865,Inf
"96",-2.42194729390746,1.33019093881954,-0.586902311739561,-0.579793932848292,6.55352428739932,-2.1012879980139,1.70099502301665,-1.20834402150865,Inf
"15",-1.9438828357257,1.26640309343758,-0.586902311739561,-0.579793932848292,4.43108315893934,0.130569462753872,2.16144439505601,-1.8757331422085,Inf
"180",-2.42194729390746,1.26640309343758,-0.586902311739561,-0.579793932848292,6.55352428739932,-2.1012879980139,1.80127182504406,-1.20834402150865,Inf
"52",-2.42194729390746,1.26640309343758,-0.586902311739561,-0.579793932848292,6.55352428739932,-2.1012879980139,1.70099502301665,-1.20834402150865,Inf
"124",-1.9438828357257,1.26640309343758,-0.586902311739561,-0.579793932848292,6.55352428739932,-2.1012879980139,1.70099502301665,-1.20834402150865,Inf
"17",-2.42194729390746,1.26640309343758,-0.586902311739561,-0.579793932848292,6.55352428739932,-2.1012879980139,1.70099502301665,-1.20834402150865,Inf
"92",-1.9438828357257,1.26640309343758,-0.586902311739561,-0.579793932848292,6.55352428739932,-2.1012879980139,1.70099502301665,-1.20834402150865,Inf
"97",-2.42194729390746,1.26640309343758,-0.586902311739561,-0.301981361853589,4.43108315893934,0.130569462753872,2.16144439505601,-1.8757331422085,Inf
"89",-2.42194729390746,1.26640309343758,-0.586902311739561,-0.579793932848292,4.43108315893934,0.799541009102344,2.16144439505601,-1.8757331422085,Inf
"63",-2.42194729390746,1.26640309343758,-0.586902311739561,-0.579793932848292,6.55352428739932,0.799541009102344,2.16144439505601,-1.8757331422085,Inf
"190",-1.9438828357257,1.26640309343758,-0.586902311739561,-0.579793932848292,4.43108315893934,0.130569462753872,2.16144439505601,-1.8757331422085,Inf
"149",-2.42194729390746,1.26640309343758,-0.586902311739561,-0.579793932848292,6.55352428739932,-2.1012879980139,1.70099502301665,-1.20834402150865,Inf
"176",-1.9438828357257,1.26640309343758,-0.586902311739561,-0.579793932848292,4.43108315893934,0.130569462753872,2.16144439505601,-1.8757331422085,Inf
"185",-2.42194729390746,1.26640309343758,-0.586902311739561,-0.301981361853589,4.43108315893934,0.799541009102344,2.16144439505601,-1.8757331422085,Inf
"155",-2.42194729390746,1.26640309343758,-0.586902311739561,-0.579793932848292,6.55352428739932,-2.1012879980139,1.70099502301665,-1.20834402150865,Inf
"107",-2.42194729390746,1.26640309343758,-0.586902311739561,-0.579793932848292,6.55352428739932,0.130569462753872,2.16144439505601,-1.8757331422085,Inf
"18",-2.42194729390746,1.59030149764768,-0.586902311739561,-0.579793932848292,6.55352428739932,-2.1012879980139,1.70099502301665,-1.20834402150865,Inf
"100",-2.42194729390746,1.26640309343758,-0.586902311739561,-0.579793932848292,6.55352428739932,-2.1012879980139,1.70099502301665,-1.20834402150865,Inf
"46",-2.42194729390746,1.26640309343758,-0.586902311739561,-0.579793932848292,4.43108315893934,0.115339331328023,2.16144439505601,-1.8757331422085,Inf
"192",-1.9438828357257,1.26640309343758,-1.59429624028095,-0.579793932848292,6.55352428739932,-2.1012879980139,1.70099502301665,-1.20834402150865,Inf
"174",-1.9438828357257,1.26640309343758,-0.586902311739561,-0.579793932848292,4.43108315893934,0.130569462753872,2.16144439505601,-1.8757331422085,Inf
"121",-1.9438828357257,1.26640309343758,-0.586902311739561,-0.579793932848292,6.55352428739932,-2.1012879980139,1.70099502301665,-1.20834402150865,Inf
"163",-2.42194729390746,1.26640309343758,-0.586902311739561,-0.579793932848292,6.55352428739932,-2.1012879980139,1.70099502301665,-1.20834402150865,Inf
"133",-1.9438828357257,1.26640309343758,-0.586902311739561,-0.579793932848292,4.43108315893934,0.799541009102344,2.16144439505601,-1.8757331422085,Inf
"123",-2.42194729390746,1.26640309343758,-0.586902311739561,-0.579793932848292,6.55352428739932,-2.1012879980139,1.70099502301665,-1.20834402150865,Inf
"64",-2.42194729390746,1.33019093881954,-0.586902311739561,-0.579793932848292,6.55352428739932,-2.1012879980139,1.70099502301665,-1.20834402150865,Inf
"109",-1.9438828357257,1.26640309343758,-0.586902311739561,-0.579793932848292,4.43108315893934,0.130569462753872,2.16144439505601,-1.8757331422085,Inf
"108",-2.42194729390746,1.26640309343758,-0.586902311739561,-0.579793932848292,6.55352428739932,-1.88896507492571,1.80127182504406,-1.20834402150865,Inf
"161",-2.42194729390746,1.26640309343758,-0.586902311739561,-0.579793932848292,6.55352428739932,-2.1012879980139,1.70099502301665,-1.20834402150865,Inf
"84",-1.9438828357257,1.26640309343758,-0.586902311739561,-0.579793932848292,4.43108315893934,0.130569462753872,2.16144439505601,-1.20834402150865,Inf
"118",-2.42194729390746,1.26640309343758,-0.586902311739561,-0.579793932848292,6.55352428739932,-1.40504573913876,1.70099502301665,-1.20834402150865,Inf
"3",-1.9438828357257,1.26640309343758,-0.586902311739561,-0.579793932848292,6.55352428739932,-2.1012879980139,1.70099502301665,-1.20834402150865,Inf
